Ano.Mes,Ano.Semana,Date,peixeVivo,unidadePeixes,biometria,mortalidade%,BemEstarAnimal,RendPotencial,rendOperacional,eficPotencial,rendimentoPac,rendPacEQM,EficienciaPotEQM,eficienciaResfriado,Média de Unidade Hora Homem,uniHH_Industrial,Média de Kgs Hora Homem,KGHH_Industrial,EficiSkinner,couroSkinner,unidadeHora,KgHora,GW_Pac,GW_PXV,rendimentoMRN,totalPacResfriado,totalPac
2026.01,2026.02,2026-01-05 00:00:00,"16011,06",13752,"1,164","0,36%",NaN,"45,31%",,,"32,51%","18,71%","41,29%","93,08%",,,,,"-16,91%",,57,70,"-100,47%","-30,40%",,4845,"5205,00"
2026.01,2026.02,2026-01-06 00:00:00,"16744,09",13927,"1,202","0,24%",NaN,"45,29%",,,"31,86%","22,19%","48,98%","93,16%",,,,,"-5,45%",,63,81,"-100,57%","-29,85%",,4970,"5335,00"
2026.01,2026.02,2026-01-07 00:00:00,"16639,01",15742,"1,057","0,56%",NaN,"45,23%",,,"31,56%","20,27%","44,80%","94,65%",,,,,"-4,76%",,67,75,"-100,29%","-29,96%",,4970,"5251,00"
2026.01,2026.02,2026-01-08 00:00:00,"16624,43",14086,"1,180","0,07%",NaN,"45,17%",,,"31,64%","19,85%","43,95%","92,97%",,,,,"-7,33%",,67,82,"-100,45%","-29,55%",,4890,"5260,00"
2026.01,2026.02,2026-01-09 00:00:00,"16678,73",12505,"1,334","0,00%",NaN,"45,48%",,,"31,94%","19,16%","42,12%","98,59%",,,,,"-12,27%",,63,89,"-100,23%","-31,56%",,5252,"5327,00"
2026.01,2026.03,2026-01-12 00:00:00,"16636,50",14228,"1,169","0,25%",NaN,"45,30%",,,"32,01%","19,45%","42,92%","97,37%",,,,,,,62,76,"-100,19%","-31,23%",,5185,"5325,00"
2026.01,2026.03,2026-01-13 00:00:00,"16734,04",13438,"1,245","0,64%",NaN,"45,70%",,,"31,43%","24,86%","54,39%","96,96%",,,,,"-30,52%",,67,89,"-100,00%","-30,48%",,5100,"5260,00"
2026.01,2026.03,2026-01-14 00:00:00,"16849,67",13122,"1,284","0,34%",NaN,"45,79%",,,"32,22%","18,04%","39,38%","95,30%",,,,,"-10,49%",,71,95,"-100,42%","-30,83%",,5174,"5429,00"
2026.01,2026.03,2026-01-15 00:00:00,"17152,84",15494,"1,107","0,36%",NaN,"44,93%",,,"31,28%","22,27%","49,56%","95,25%",,,,,"-11,66%",,69,80,"-100,85%","-30,05%",,5110,"5365,00"
2026.01,2026.03,2026-01-16 00:00:00,"16850,18",12896,"1,307","0,30%",NaN,"45,55%",,,"33,00%","13,29%","29,19%","93,98%",,,,,"-6,52%",,67,93,"-100,75%","-31,25%",,5226,"5561,00"
2026.01,2026.04,2026-01-19 00:00:00,"16143,79",13424,"1,203","1,59%",NaN,"45,01%",,,"32,24%","20,63%","45,83%","94,72%",,,,,"-18,52%",,62,78,"-100,45%","-30,68%",,4930,"5205,00"
2026.01,2026.04,2026-01-20 00:00:00,"16819,00",13539,"1,242","0,24%",NaN,"45,47%",,,"32,46%","17,54%","38,58%","95,51%",,,,,"-9,89%",,69,92,"-100,29%","-31,10%",,5215,"5460,00"
2026.01,2026.04,2026-01-21 00:00:00,"15515,84",15015,"1,033","0,16%",NaN,"44,83%",,,"31,59%","26,98%","60,18%","96,49%",,,,,"-18,64%",,74,81,"-100,45%","-30,62%",,4729,"4901,00"
2026.01,2026.04,2026-01-22 00:00:00,"16058,82",14386,"1,116","0,00%",NaN,"45,30%",,,"32,35%","17,25%","38,07%","96,63%",,,,,"-15,99%",,75,89,"-100,52%","-31,42%",,5020,"5195,00"
2026.01,2026.04,2026-01-23 00:00:00,"17118,15",14736,"1,162","0,00%",NaN,"45,24%",,,"32,15%","20,93%","46,27%","96,46%",,,,,"-78,27%",,76,93,"-100,46%","-31,16%",,5309,"5504,00"
2026.01,2026.05,2026-01-26 00:00:00,"16704,88",14211,"1,175","0,00%",NaN,"45,45%",,,"32,43%","18,70%","41,13%","93,63%",,,,,"-5,91%",,73,91,"-100,30%","-30,46%",,5073,"5418,00"
2026.01,2026.05,2026-01-27 00:00:00,"16913,02",13533,"1,250","0,00%",NaN,"45,55%",,,"32,73%","17,94%","39,39%","96,57%",,,,,"-31,14%",,78,103,"-100,59%","-31,79%",,5345,"5535,00"
2026.01,2026.05,2026-01-28 00:00:00,"16796,88",15686,"1,071","0,27%",NaN,"45,22%",,,"32,07%","15,49%","34,24%","93,69%",,,,,"-5,31%",,82,91,"-100,62%","-30,23%",,5046,"5386,00"
2026.01,2026.05,2026-01-29 00:00:00,"16561,59",15419,"1,074","0,33%",NaN,"44,94%",,,"32,48%","16,73%","37,21%","92,01%",,,,,"-5,57%",,72,82,"-100,43%","-30,02%",,4950,"5380,00"
2026.01,2026.05,2026-01-30 00:00:00,"17167,42",16286,"1,054","0,36%",NaN,"45,04%",,,"32,01%","21,67%","48,11%","95,18%",,,,,"-12,19%",,78,87,"-100,30%","-31,55%",,5231,"5496,00"
2026.01,2026.05,2026-01-31 00:00:00,,,,,,,,,,,,,,,,,,,,,,,,,"0,00"
2026.02,2026.06,2026-02-02 00:00:00,"16914,53",14980,"1,129","0,00%","99,71%","45,10%","44,27%","98,16%","32,61%","31,42%","69,68%","95,38%",,,,,"88,88%","4,59%",81,98,"7,87%","2,45%","89,03%",5260,"5515,00"
2026.02,2026.06,2026-02-03 00:00:00,"16120,16",15362,"1,049","0,31%","99,61%","45,21%","44,29%","97,97%","32,54%","32,00%","70,79%","94,95%",,,,,"89,28%","4,44%",83,93,"7,63%","2,36%","88,76%",4980,"5245,00"
2026.02,2026.06,2026-02-04 00:00:00,"14387,13",13657,"1,053","0,88%","98,95%","44,83%","43,86%","97,84%","31,64%","29,80%","66,47%","94,18%",,,,,"88,92%","4,54%",74,88,"8,06%","2,40%","88,97%",4287,"4552,00"
2026.02,2026.06,2026-02-05 00:00:00,"15491,20",13812,"1,122","1,18%","97,67%","45,27%","44,13%","97,49%","32,70%","31,66%","69,94%","92,40%",,,,,"88,68%","4,66%",79,94,"8,26%","2,49%","89,13%",4680,"5065,00"
2026.02,2026.06,2026-02-06 00:00:00,"17523,88",15144,"1,157","0,42%","99,00%","45,36%","44,09%","97,20%","32,61%","31,52%","69,49%","91,86%",,,,,"88,52%","4,72%",77,93,"9,94%","2,98%","89,43%",5249,"5714,00"
2026.02,2026.07,2026-02-09 00:00:00,"15126,19",13866,"1,091","1,14%","98,21%","45,36%","44,37%","97,83%","32,94%","31,87%","70,27%","94,83%",,,,,"89,15%","4,48%",71,83,"7,67%","2,44%","89,05%",4725,"4982,44"
2026.02,2026.07,2026-02-10 00:00:00,"17921,57",15947,"1,124","0,21%","99,37%","45,23%","44,11%","97,53%","32,49%","31,78%","70,27%","93,44%",,,,,"88,97%","4,54%",71,85,"8,65%","2,62%","89,44%",5440,"5822,06"
2026.02,2026.07,2026-02-11 00:00:00,"16805,43",15015,"1,119","0,36%","99,06%","45,65%","44,41%","97,29%","33,11%","32,19%","70,52%","95,01%",,,,,"88,55%","4,75%",75,89,"5,75%","1,81%","89,48%",5287,"5564,96"
2026.02,2026.07,2026-02-12 00:00:00,"16918,05",16578,"1,020","0,28%","98,54%","44,92%","43,85%","97,63%","32,43%","31,66%","70,48%","92,87%",,,,,"89,89%","4,11%",80,85,"7,86%","2,36%","89,09%",5095,"5485,88"
2026.02,2026.07,2026-02-13 00:00:00,"17375,57",17643,"0,985","0,52%","98,92%","44,91%","43,83%","97,61%","33,04%","32,00%","71,27%","95,20%",,,,,"87,95%","4,93%",74,77,"5,52%","1,74%","90,32%",5466,"5741,67"
2026.02,2026.08,2026-02-16 00:00:00,"17815,99",15163,"1,175","0,24%","99,32%","46,15%","45,06%","97,64%","32,80%","31,79%","68,89%","91,98%",,,,,"89,00%","4,63%",67,84,"10,87%","3,28%","88,65%",5375,"5843,91"
2026.02,2026.08,2026-02-17 00:00:00,"16428,36",16748,"0,981","0,57%","98,02%","44,64%","43,71%","97,92%","31,74%","30,89%","69,19%","90,80%",,,,,"88,69%","4,60%",75,78,"9,86%","2,84%","89,07%",4735,"5215,00"
2026.02,2026.08,2026-02-18 00:00:00,"16655,61",16318,"1,021","0,97%","97,75%","45,70%","44,54%","97,47%","32,99%","31,61%","69,18%","89,99%",,,,,"87,10%","5,36%",78,85,"8,88%","2,63%","88,88%",4944,"5494,00"
2026.02,2026.08,2026-02-19 00:00:00,"16490,70",17301,"0,953","1,39%","96,85%","45,66%","44,29%","96,99%","33,08%","32,29%","70,70%","89,09%",,,,,"88,52%","4,75%",72,73,"8,26%","2,43%","89,04%",4860,"5455,00"
2026.02,2026.08,2026-02-20 00:00:00,"16680,74",16833,"0,991","0,66%","98,28%","45,29%","44,21%","97,62%","31,62%","30,55%","67,45%","92,89%",,,,,"89,20%","4,46%",71,73,"9,34%","2,74%","89,26%",4900,"5275,00"
2026.02,2026.09,2026-02-23 00:00:00,"16483,66",14810,"1,113","0,29%","99,21%","45,34%","44,05%","97,16%","32,21%","31,26%","68,94%","94,82%",,,,,"88,45%","4,75%",64,75,"7,03%","2,14%","89,44%",5035,"5310,00"
2026.02,2026.09,2026-02-24 00:00:00,"16569,13",15166,"1,093","0,42%","98,75%","45,20%","43,89%","97,10%","31,48%","30,81%","68,15%","92,98%",,,,,"89,00%","4,50%",70,81,"7,45%","2,18%","89,17%",4850,"5216,20"
2026.02,2026.09,2026-02-25 00:00:00,"16206,64",14897,"1,088","0,57%","98,64%","45,07%","43,90%","97,41%","32,11%","30,89%","68,53%","94,11%",,,,,"89,15%","4,45%",66,75,"7,42%","2,29%","89,29%",4897,"5203,45"
2026.02,2026.09,2026-02-26 00:00:00,"16665,66",16043,"1,039","0,11%","95,24%","45,15%","44,08%","97,63%","32,03%","31,30%","69,32%","93,28%",,,,,"89,17%","4,47%",68,75,"3,08%","0,92%","89,08%",4980,"5338,83"
2026.02,2026.09,2026-02-27 00:00:00,"16748,11",16824,"0,995","0,19%","96,17%","45,33%","44,20%","97,50%","33,01%","31,65%","69,82%","94,64%",,,,,"89,26%","4,44%",75,80,"3,44%","1,07%","89,25%",5233,"5529,39"
2026.03,2026.10,2026-03-02 00:00:00,"14447,46",15745,"0,918","0,00%","95,23%","45,32%","44,21%","97,56%","32,72%","31,65%","69,83%","93,39%",,,,,"88,73%","4,66%",70,68,"3,04%","0,95%","89,49%",4415,"4727,51"
2026.03,2026.10,2026-03-03 00:00:00,"14014,08",14426,"0,971","0,00%","97,40%","45,13%","44,11%","97,74%","32,75%","32,20%","71,35%","93,46%",,,,,"89,74%","4,23%",70,72,"2,79%","0,85%","89,37%",4290,"4590,00"
2026.03,2026.10,2026-03-04 00:00:00,"13768,73",13044,"1,056","0,00%","97,32%","44,76%","43,82%","97,90%","32,44%","31,28%","69,88%","94,77%",,,,,"89,84%","4,16%",74,83,"4,21%","1,29%","88,94%",4233,"4466,44"
2026.03,2026.10,2026-03-05 00:00:00,"13869,28",15251,"0,909","0,00%","97,70%","44,25%","43,29%","97,83%","32,06%","31,39%","70,95%","93,00%",,,,,"90,04%","4,02%",75,72,"4,62%","1,38%","89,05%",4135,"4446,41"
2026.03,2026.10,2026-03-06 00:00:00,"14920,06",15300,"0,975","0,00%","98,48%","44,74%","43,77%","97,84%","33,17%","32,04%","71,61%","96,10%",,,,,"89,54%","4,28%",85,89,"2,39%","0,76%","88,92%",4756,"4948,99"
2026.03,2026.11,2026-03-09 00:00:00,"14397,18",13243,"1,087","0,00%","97,84%","45,58%","44,61%","97,89%","33,06%","32,08%","70,38%","95,06%",,,,,"88,93%","4,62%",74,86,"2,67%","0,84%","89,13%",4525,"4760,00"
2026.03,2026.11,2026-03-10 00:00:00,"14287,58",16117,"0,886","0,00%","96,23%","44,75%","43,72%","97,69%","32,01%","31,32%","69,98%","93,24%",,,,,"89,15%","4,43%",81,77,"3,86%","1,15%","89,35%",4265,"4574,12"
2026.03,2026.11,2026-03-11 00:00:00,"15268,98",15808,"0,966","0,00%","95,43%","44,83%","44,03%","98,22%","32,55%","31,88%","71,12%","93,16%",,,,,"90,15%","4,05%",72,74,"4,13%","1,25%","89,44%",4630,"4970,00"
2026.03,2026.11,2026-03-12 00:00:00,"14480,64",15209,"0,952","0,00%","92,20%","44,74%","43,99%","98,33%","32,72%","31,95%","71,41%","90,11%",,,,,"89,56%","4,29%",78,79,"3,22%","0,95%","89,26%",4270,"4738,74"
2026.03,2026.11,2026-03-13 00:00:00,"14987,43",15092,"0,993","0,00%","95,99%","45,10%","43,96%","97,48%","32,70%","31,57%","70,00%","93,37%",,,,,"89,19%","4,45%",79,83,"3,22%","1,01%","88,97%",4576,"4901,00"
2026.03,2026.12,2026-03-16 00:00:00,"14021,12",13935,"1,006","0,00%","96,09%","44,81%","43,71%","97,54%","32,59%","31,64%","70,61%","93,98%",,,,,"89,71%","4,20%",74,77,"3,13%","0,96%","89,42%",4295,"4570,00"
2026.03,2026.12,2026-03-17 00:00:00,"13896,43",14472,"0,960","0,00%","91,57%","44,80%","43,90%","98,00%","32,33%","31,61%","70,58%","92,27%",,,,,"89,79%","4,16%",84,86,"3,81%","1,14%","89,58%",4145,"4492,30"
2026.03,2026.12,2026-03-18 00:00:00,"12805,43",12918,"0,991","0,27%","96,66%","44,84%","43,99%","98,11%","33,12%","32,38%","72,20%","94,00%",,,,,"89,23%","4,42%",78,83,"1,76%","0,55%","89,52%",3986,"4240,52"
2026.03,2026.12,2026-03-19 00:00:00,"14570,14",16157,"0,902","0,66%","94,03%","44,97%","44,00%","97,84%","32,59%","31,82%","70,75%","92,25%",,,,,"89,82%","4,18%",80,77,"1,81%","0,54%","89,11%",4380,"4747,99"
2026.03,2026.12,2026-03-20 00:00:00,"15469,08",14919,"1,037","0,00%","97,27%","44,71%","43,88%","98,14%","32,81%","31,82%","71,17%","95,86%",,,,,"88,95%","4,53%",74,82,"1,65%","0,52%","89,61%",4866,"5076,00"
2026.03,2026.13,2026-03-23 00:00:00,"14904,98",14745,"1,011","0,42%","95,02%","45,04%","44,10%","97,92%","32,69%","31,87%","70,76%","94,93%",,,,,"89,50%","4,32%",74,79,"1,52%","0,47%","89,85%",4625,"4872,21"
2026.03,2026.13,2026-03-24 00:00:00,"14953,24",13877,"1,078","0,80%","93,61%","45,14%","44,20%","97,92%","32,90%","32,16%","71,25%","95,23%",,,,,"89,06%","4,51%",71,82,"1,64%","0,51%","88,88%",4685,"4919,60"
2026.03,2026.13,2026-03-25 00:00:00,"14849,67",15092,"0,984","0,71%","95,76%","44,76%","43,63%","97,46%","32,41%","31,36%","70,05%","94,41%",,,,,"89,03%","4,46%",68,72,"2,61%","0,80%","88,52%",4543,"4812,12"
2026.03,2026.13,2026-03-26 00:00:00,"14843,64",15263,"0,973","0,73%","95,94%","44,94%","43,87%","97,61%","32,93%","32,04%","71,29%","94,51%",,,,,"89,34%","4,37%",79,82,"1,53%","0,47%","89,12%",4620,"4888,50"
2026.03,2026.13,2026-03-27 00:00:00,"14451,48",16315,"0,886","0,64%","96,55%","44,11%","43,04%","97,56%","32,12%","30,90%","70,05%","95,84%",,,,,"88,49%","4,63%",77,73,"0,91%","0,28%","88,75%",4448,"4641,11"
2026.03,2026.13,2026-03-28 00:00:00,"14205,13",15698,"0,905","0,00%","96,58%","44,28%","43,30%","97,79%","32,99%","32,03%","72,34%","95,37%",,,,,"89,12%","4,40%",82,77,"0,27%","0,08%","89,07%",4470,"4686,85"
2026.03,2026.14,2026-03-29 00:00:00,"13877,33",14620,"0,949","0,28%","93,95%","44,72%","43,85%","98,07%","32,61%","29,73%","66,49%","91,16%",,,,,"89,57%","4,26%",74,75,"1,61%","0,48%","88,75%",4126,"4526,00"
2026.03,2026.14,2026-03-30 00:00:00,"14782,81",16417,"0,900","0,00%","95,88%","44,52%","43,67%","98,09%","32,96%","32,00%","71,87%","91,02%",,,,,"89,65%","4,21%",80,77,"1,83%","0,58%","89,40%",4435,"4872,40"
2026.03,2026.14,2026-03-31 00:00:00,"16890,90",16390,"1,031","0,16%","96,60%","44,12%","43,29%","98,11%","30,32%","29,27%","66,34%","92,93%",,,,,"88,41%","4,68%",80,87,"2,22%","0,62%","89,07%",4760,"5122,08"
2026.04,2026.14,2026-04-01 00:00:00,"15759,68",13267,"1,188","0,22%","97,25%","45,36%","44,39%","97,88%","32,79%","32,09%","70,76%","95,14%",,,,,"89,18%","4,49%",75,94,"2,32%","0,72%","88,76%",4917,"5167,95"
2026.04,2026.14,2026-04-02 00:00:00,"13085,97",13076,"1,001","0,00%","98,44%","44,78%","43,83%","97,89%","33,34%","31,77%","70,95%","96,36%",,,,,"89,09%","4,47%",81,87,"3,04%","1,00%","90,27%",4204,"4362,59"
2026.04,2026.15,2026-04-06 00:00:00,"12490,70",13618,"0,917","0,00%","93,66%","44,90%","43,90%","97,77%","33,19%","32,22%","71,76%","92,26%",,,,,"89,74%","4,21%",67,65,"0,75%","0,23%","88,79%",3825,"4146,09"
2026.04,2026.15,2026-04-07 00:00:00,"10001,01",11335,"0,882","0,70%","96,10%","44,52%","43,16%","96,94%","32,56%","31,20%","70,07%","94,72%",,,,,"88,89%","4,48%",74,69,"0,85%","0,26%","88,87%","3084,79","3256,82"
2026.04,2026.15,2026-04-08 00:00:00,"12586,22",14771,"0,852","0,95%","95,59%","44,72%","43,53%","97,32%","32,28%","31,57%","70,59%","95,18%",,,,,"89,61%","4,22%",69,63,"0,28%","0,08%","88,68%",3867,"4062,88"
2026.04,2026.15,2026-04-09 00:00:00,"12790,35",12220,"1,047","0,00%","99,09%","45,47%","44,53%","97,93%","33,15%","32,25%","70,92%","97,05%",,,,,"89,19%","4,51%",73,80,"0,87%","0,28%","88,78%",4115,"4240,00"
2026.04,2026.15,2026-04-10 00:00:00,"10083,46",10497,"0,961","2,72%","92,27%","44,68%","43,83%","98,08%","33,70%","32,05%","71,73%","94,05%",,,,,"89,61%","4,25%",79,81,"0,38%","0,12%","88,97%",3196,"3398,02"
2026.04,2026.16,2026-04-13 00:00:00,"12414,28",13080,"0,949","0,63%","95,80%","44,59%","43,56%","97,71%","33,01%","31,74%","71,19%","95,40%",,,,,"89,63%","4,22%",69,70,"1,22%","0,38%","88,92%",3910,"4098,33"
2026.04,2026.16,2026-04-14 00:00:00,"9322,27",10771,"0,865","3,71%","88,84%","44,50%","43,55%","97,87%","33,13%","31,82%","71,51%","92,91%",,,,,"90,07%","4,03%",74,68,"1,15%","0,35%","88,85%",2870,"3088,93"
2026.04,2026.16,2026-04-15 00:00:00,"12356,96",13545,"0,912","0,00%","92,17%","44,99%","44,14%","98,12%","33,08%","32,04%","71,23%","92,66%",,,,,"89,89%","4,16%",81,74,"1,66%","0,51%","88,76%",3788,"4088,00"
2026.04,2026.16,2026-04-16 00:00:00,"13456,01",15306,"0,879","0,48%","93,83%","44,14%","43,09%","97,64%","32,52%","31,63%","71,66%","92,89%",,,,,"89,59%","4,19%",86,75,"0,37%","0,11%","88,72%",4065,"4376,02"
2026.04,2026.16,2026-04-17 00:00:00,"12597,29",13084,"0,963","1,26%","88,76%","45,11%","44,28%","98,15%","32,97%","32,14%","71,25%","92,36%",,,,,"89,19%","4,45%",83,79,"0,41%","0,13%","88,38%",3836,"4153,34"
2026.04,2026.17,2026-04-20 00:00:00,"11804,93",12812,"0,921","0,00%","95,91%","44,39%","43,45%","97,88%","33,17%","31,55%","71,08%","94,86%",,,,,"89,74%","4,17%",76,70,"1,18%","0,37%","88,17%",3715,"3916,18"
2026.04,2026.17,2026-04-21 00:00:00,"13166,42",15056,"0,875","0,00%","95,86%","44,62%","43,57%","97,65%","32,17%","31,68%","71,01%","93,98%",,,,,"89,83%","4,14%",85,74,"0,99%","0,30%","88,81%",3980,"4235,00"
2026.04,2026.17,2026-04-23 00:00:00,"13940,67",15003,"0,929","0,46%","90,64%","44,53%","43,65%","98,01%","31,86%","31,11%","69,86%","91,63%",,,,,"90,06%","4,01%",75,69,"1,28%","0,37%","88,77%",4069,"4440,82"
2026.04,2026.17,2026-04-24 00:00:00,"13789,84",13182,"1,046","0,00%","93,29%","44,74%","43,95%","98,23%","32,29%","31,52%","70,44%","93,95%",,,,,"89,59%","4,26%",82,83,"0,61%","0,19%","88,74%",4183,"4452,19"
2026.04,2026.18,2026-04-27 00:00:00,"11940,67",12735,"0,938","0,00%","96,30%","44,07%","43,11%","97,81%","32,24%","31,32%","71,07%","92,21%",,,,,"90,11%","3,95%",74,68,"0,94%","0,28%","88,98%",3550,"3850,00"
2026.04,2026.18,2026-04-28 00:00:00,"13637,00",14331,"0,952","0,00%","94,92%","44,80%","43,67%","97,47%","32,25%","31,87%","71,13%","94,58%",,,,,"90,05%","4,05%",90,85,"1,30%","0,40%","88,30%",4160,"4398,40"
2026.04,2026.18,2026-04-29 00:00:00,"13098,04",12909,"1,015","0,00%","92,11%","45,44%","44,34%","97,56%","33,42%","32,14%","70,72%","92,39%",,,,,"90,06%","4,12%",87,87,"1,24%","0,38%","87,61%",4044,"4377,00"
2026.04,2026.18,2026-04-30 00:00:00,"12557,06",14317,"0,877","0,00%","91,48%","44,43%","43,35%","97,56%","31,92%","31,61%","71,13%","89,86%",,,,,"89,59%","4,21%",93,82,"1,48%","0,42%","88,67%",3602,"4008,48"
2026.05,2026.19,2026-05-04 00:00:00,"12632,48",12861,"0,982","0,00%","94,67%","44,95%","43,85%","97,56%","33,22%","32,30%","71,85%","93,53%",,,,,"89,29%","4,38%",85,84,"1,65%","0,53%","88,98%",3925,"4196,32"
2026.05,2026.19,2026-05-05 00:00:00,"13078,93",13041,"1,003","1,29%","91,11%","45,79%","44,08%","96,25%","32,64%","31,61%","69,02%","93,23%",,,,,"89,89%","4,13%",82,82,"1,11%","0,34%","88,13%",3980,"4269,11"
2026.05,2026.19,2026-05-06 00:00:00,"12941,18",15249,"0,849","0,00%","94,44%","45,67%","43,77%","95,83%","31,94%","31,36%","68,66%","90,34%",,,,,"89,90%","4,13%",82,69,"0,80%","0,23%","87,93%",3734,"4133,08"
2026.05,2026.19,2026-05-07 00:00:00,"12858,72",15289,"0,841","0,00%","94,73%","44,57%","43,31%","97,17%","31,93%","31,12%","69,82%","91,46%",,,,,"89,96%","4,06%",76,64,"1,13%","0,33%","88,19%",3755,"4105,76"
2026.05,2026.19,2026-05-08 00:00:00,"12964,30",13897,"0,933","0,40%","94,04%","46,82%","45,79%","97,79%","34,14%","32,26%","68,89%","94,13%",,,,,"90,48%","4,07%",93,87,"1,72%","0,55%","85,33%",4166,"4426,00"
2026.05,2026.20,2026-05-11 00:00:00,"10123,68",12444,"0,814","1,43%","91,82%","44,34%","43,26%","97,56%","32,60%","31,35%","70,72%","84,85%",,,,,"89,51%","4,23%",83,65,"2,27%","0,62%","87,81%",2800,"3300,00"
2026.05,2026.20,2026-05-12 00:00:00,"12979,39",12169,"1,067","0,00%","97,76%","45,58%","44,38%","97,38%","33,38%","32,81%","72,00%","94,97%",,"18,1",,"19,3","89,82%","4,22%",82,86,"2,05%","0,65%","88,64%",4115,"4333,10"
2026.05,2026.20,2026-05-13 00:00:00,"12628,46",12851,"0,983","0,00%","97,14%","46,47%","45,46%","97,83%","33,00%","32,13%","69,13%","94,12%",,"22,0",,"21,6","89,98%","4,26%",97,91,"-0,10%","0,85%","85,43%",3922,"4167,00"
2026.05,2026.20,2026-05-14 00:00:00,"13095,02",12932,"1,013","0,00%","96,41%","47,12%","46,05%","97,73%","33,08%","32,25%","68,45%","93,37%",,"21,9",,"22,2","90,33%","4,16%",91,93,"-0,61%","0,40%","85,32%",4045,"4332,03"
2026.05,2026.20,2026-05-15 00:00:00,"13784,82",13541,"1,018","0,00%","96,37%","47,18%","46,10%","97,72%","33,23%","32,21%","68,28%","94,43%",,"21,0",,"21,3","89,38%","4,58%",88,89,"-0,34%","0,63%","84,72%",4326,"4581,00"
2026.05,2026.21,2026-05-18 00:00:00,"12730,02",14109,"0,902","0,00%","90,42%","46,62%","45,82%","98,29%","32,38%","31,37%","67,28%","89,64%",,"22,8",,"20,6","89,45%","4,50%",88,79,"0,52%","0,82%","86,01%",3695,"4121,83"
2026.05,2026.21,2026-05-19 00:00:00,"12762,19",12340,"1,034","0,00%","98,01%","47,08%","45,73%","97,13%","32,06%","31,33%","66,55%","94,58%",,"24,0",,"24,8","88,92%","4,74%",88,91,"0,60%","0,83%","85,23%",3870,"4091,72"
2026.05,2026.21,2026-05-20 00:00:00,"11992,96",10212,"1,174","0,00%","95,13%","47,16%","46,05%","97,66%","32,31%","31,33%","66,44%","94,27%",,"21,7",,"25,5","89,73%","4,42%",85,100,"0,46%","0,78%","84,68%",3653,"3875,15"
2026.05,2026.21,2026-05-21 00:00:00,"10281,55",12003,"0,857","0,00%","90,66%","46,62%","45,75%","98,13%","32,52%","31,29%","67,11%","86,74%",,"25,1",,"21,5","89,62%","4,43%",91,77,"1,13%","0,94%","85,79%",2900,"3343,30"
2026.05,2026.21,2026-05-22 00:00:00,"11041,73",10809,"1,021","0,00%","95,53%","46,75%","45,85%","98,07%","32,23%","30,93%","66,17%","92,11%",,"23,3",,"23,8","88,64%","4,87%",85,86,"-0,22%","0,52%","85,87%",3278,"3558,89"
2026.05,2026.22,2026-05-25 00:00:00,"12807,44",14334,"0,894","0,00%","97,86%","46,27%","45,24%","97,77%","32,04%","31,02%","67,05%","94,44%",,"23,1",,"20,7","89,22%","4,55%",86,77,"-0,40%","0,39%","85,34%",3875,"4103,13"
2026.05,2026.22,2026-05-26 00:00:00,"13260,94",14791,"0,897","0,00%","97,96%","45,83%","45,03%","98,25%","31,20%","30,61%","66,79%","93,02%",,"27,0",,"24,2","89,26%","4,52%",89,80,"1,86%","0,89%","85,05%",3849,"4137,82"
2026.05,2026.22,2026-05-27 00:00:00,"8739,06",7255,"1,205","0,00%","98,48%","46,94%","46,04%","98,09%","32,44%","31,59%","67,31%","96,18%",,"13,1",,"15,8","88,48%","4,96%",79,93,"1,16%","0,84%","85,18%",2727,"2835,32"
2026.05,2026.22,2026-05-28 00:00:00,"13156,36",13120,"1,003","0,00%","97,12%","47,05%","46,20%","98,20%","32,13%","31,60%","67,16%","94,40%",,"26,5",,"26,5","90,03%","4,30%",92,92,"1,37%","0,84%","85,36%",3990,"4226,89"
2026.05,2026.22,2026-05-29 00:00:00,"11943,69",10616,"1,125","0,00%","90,04%","47,43%","46,71%","98,47%","33,10%","31,64%","66,70%","92,19%",,"22,6",,"25,5","89,32%","4,66%",87,97,"-0,17%","0,35%","84,71%",3645,"3953,77"
2026.06,2026.23,2026-06-01 00:00:00,"15530,42",13967,"1,112","0,00%","96,14%","47,88%","47,48%","99,17%","32,19%","31,26%","65,29%","93,12%",,"20,0",,"22,2","89,60%","4,62%",84,87,"0,69%","0,69%","85,15%",4655,"4998,70"
2026.06,2026.23,2026-06-02 00:00:00,"15729,51",15464,"1,017","0,00%","97,50%","45,62%","44,89%","98,39%","32,26%","31,54%","69,14%","95,20%",,"21,7",,"22,1","90,03%","4,16%",81,82,"0,99%","0,76%","88,20%",4830,"5073,71"
2026.06,2026.23,2026-06-04 00:00:00,"15751,63",13663,"1,153","0,00%","98,21%","45,67%","44,85%","98,19%","32,89%","32,43%","71,01%","95,82%",,"20,1",,"23,2","90,86%","3,79%",86,83,"1,24%","0,73%","89,15%",4964,"5180,70"
2026.06,2026.23,2026-06-05 00:00:00,"14369,03",11264,"1,276","0,00%","99,57%","45,99%","45,13%","98,14%","34,06%","32,71%","71,13%","97,94%",,"18,9",,"24,1","89,71%","4,35%",74,94,"0,39%","0,67%","88,61%",4793,"4893,88"
2026.06,2026.24,2026-06-08 00:00:00,"14011,06",15531,"0,902","0,00%","99,09%","44,94%","44,09%","98,11%","32,54%","31,33%","69,72%","95,86%",,"20,4",,"18,4","89,79%","4,21%",75,67,"0,03%","0,53%","88,49%",4370,"4558,73"
2026.06,2026.24,2026-06-09 00:00:00,"14069,38",14562,"0,966","0,00%","98,77%","44,52%","43,83%","98,44%","32,31%","31,54%","70,85%","96,80%",,"19,7",,"19,1","89,54%","4,29%",74,71,"0,16%","0,63%","89,12%",4400,"4545,45"
2026.06,2026.24,2026-06-10 00:00:00,"13725,49",12409,"1,106","0,00%","97,52%","45,28%","44,42%","98,09%","32,93%","32,25%","71,23%","97,40%",,"17,4",,"19,2","89,08%","4,54%",81,90,"1,48%","0,97%","88,28%",4403,"4520,46"
2026.06,2026.24,2026-06-11 00:00:00,"12513,83",12639,"0,990","0,00%","98,44%","44,74%","43,98%","98,31%","31,97%","31,54%","70,50%","96,98%",,"21,5",,"21,3","88,94%","4,55%",79,77,"0,59%","0,71%","89,53%",3880,"4000,89"
2026.06,2026.24,2026-06-12 00:00:00,"12567,12",12936,"0,972","0,00%","98,99%","44,86%","44,08%","98,26%","33,25%","31,92%","71,17%","97,16%",,"21,3",,"20,7","89,30%","4,41%",75,72,"0,48%","0,49%","88,83%",4060,"4178,60"
2026.06,2026.25,2026-06-15 00:00:00,"13058,82",14157,"0,922","0,00%","98,79%","45,26%","44,39%","98,06%","32,38%","31,46%","69,51%","96,96%",,"22,3",,"20,6","89,54%","4,35%",76,70,"0,10%","0,77%","88,78%",4100,"4228,40"
2026.06,2026.25,2026-06-16 00:00:00,"9567,62",10041,"0,953","0,00%","99,50%","44,55%","43,75%","98,21%","32,88%","32,31%","72,52%","97,75%",,"21,3",,"20,3","89,37%","4,35%",78,74,"0,04%","0,70%","89,38%",3075,"3145,64"
2026.06,2026.25,2026-06-17 00:00:00,"10480,64",9117,"1,150","0,00%","99,71%","45,91%","45,18%","98,41%","33,21%","32,69%","71,20%","98,23%",,"17,4",,"20,0","89,32%","4,51%",79,91,"-1,97%","2,12%","88,49%",3301,"3480,64"
2026.06,2026.25,2026-06-18 00:00:00,"10006,03",9509,"1,052","0,00%","98,28%","45,31%","44,41%","98,02%","32,51%","32,01%","70,65%","97,51%",,"20,1",,"21,2","89,50%","4,36%",74,77,"0,13%","1,96%","88,97%",3050,"3252,94"
2026.06,2026.25,2026-06-19 00:00:00,"11787,83",10944,"1,077","0,00%","99,70%","45,28%","44,66%","98,64%","33,85%","32,33%","71,42%","97,96%",,"21,1",,"22,7","89,12%","4,54%",83,89,"-0,58%","1,46%","88,68%",3821,"3990,40"
2026.06,2026.26,2026-06-22 00:00:00,"13615,89",13868,"0,982","0,00%","98,25%","45,19%","44,58%","98,65%","32,76%","31,95%","70,71%","96,51%",,"20,8",,"20,5","89,73%","4,28%",77,76,"1,67%","2,20%","89,23%",4170,"4460,89"
2026.06,2026.26,2026-06-23 00:00:00,"10569,13",10057,"1,051","0,00%","97,92%","45,50%","44,81%","98,48%","32,42%","31,97%","70,27%","96,61%",,"21,6",,"22,7","88,89%","4,66%",82,86,"0,05%","0,70%","89,10%",3310,"3426,10"
2026.06,2026.26,2026-06-24 00:00:00,"8725,99",8451,"1,032","0,00%","98,50%","44,63%","43,76%","98,03%","33,32%","32,90%","73,71%","96,86%",,"15,1",,"15,6","88,62%","4,66%",92,94,"-5,60%","-1,15%","88,80%",2816,"2907,31"
2026.06,2026.26,2026-06-25 00:00:00,"10526,90",10070,"1,045","0,00%","98,81%","45,26%","44,40%","98,09%","32,39%","32,06%","70,84%","96,33%",,"21,0",,"22,0","89,24%","4,47%",81,84,"0,78%","0,89%","89,08%",3285,"3410,00"
2026.06,2026.26,2026-06-26 00:00:00,"8510,81",7881,"1,080","0,00%","98,29%","44,22%","43,41%","98,17%","31,49%","29,59%","66,93%","94,80%",,"18,0",,"19,4","89,21%","4,39%",71,77,"5,72%","2,75%","89,15%",2541,"2680,39"
2026.06,2026.27,2026-06-29 00:00:00,"9650,58",9725,"0,992","0,00%","96,99%","44,92%","44,26%","98,54%","33,16%","32,17%","71,63%","96,55%","21,8","20,4","21,4","20,2","89,84%","4,21%",79,78,"0,17%","0,54%","88,96%",3090,"3200,53"
2026.06,2026.27,2026-06-30 00:00:00,"12584,21",12673,"0,993","0,00%","98,13%","44,74%","43,96%","98,27%","31,98%","31,51%","70,43%","95,67%","22,6","22,4","20,7","22,2","89,09%","4,49%",86,85,"0,83%","0,78%","88,97%",3850,"4024,34"
2026.07,2026.27,2026-07-01 00:00:00,"8902,97",9321,"0,955","0,00%","99,10%","44,45%","43,80%","98,54%","32,29%","31,91%","71,80%","96,45%","22,9","22,2","20,6","21,2","88,94%","4,53%",83,79,"0,69%","0,82%","89,28%",2773,"2875,15"
2026.07,2026.27,2026-07-02 00:00:00,"12044,24",13556,"0,889","0,00%","98,37%","44,01%","43,24%","98,23%","31,66%","31,27%","71,05%","94,66%","22,8","24,7","20,6","21,9","88,57%","4,62%",88,78,"0,89%","0,70%","89,09%",3610,"3813,66"
2026.07,2026.27,2026-07-03 00:00:00,"11692,31",11767,"0,994","0,00%","98,97%","45,13%","44,47%","98,55%","34,08%","32,67%","72,39%","96,63%","22,7","23,5","21,0","23,4","88,98%","4,58%",84,83,"0,32%","0,57%","89,36%",3851,"3985,31"
2026.07,2026.28,2026-07-06 00:00:00,"13111,11",13005,"1,008","0,00%","97,73%","44,21%","43,59%","98,60%","32,34%","31,51%","71,28%","94,93%","21,9","20,9","20,0","21,1","88,92%","4,52%",76,77,"0,68%","0,79%","88,91%",4025,"4239,96"
2026.07,2026.28,2026-07-07 00:00:00,"14935,14",14762,"1,012","0,00%","97,36%","44,09%","43,26%","98,13%","32,28%","31,19%","70,76%","94,76%","21,9","21,3","20,0","21,6","88,20%","4,77%",78,79,"1,04%","0,69%","89,42%",4569,"4821,60"
2026.07,2026.28,2026-07-09 00:00:00,"14251,38",13585,"1,049","0,00%","99,29%","44,45%","43,83%","98,62%","32,21%","31,70%","71,32%","97,50%","21,4","21,3","20,2","22,4","88,35%","4,78%",79,83,"1,32%","0,79%","88,98%",4476,"4591,00"
2026.07,2026.28,2026-07-10 00:00:00,"14075,41",13336,"1,055","0,00%","98,91%","45,16%","44,39%","98,30%","32,87%","32,05%","70,98%","97,61%","20,8","21,1","19,6","22,3","88,91%","4,60%",79,83,"0,69%","0,67%","89,04%",4516,"4626,50"
2026.07,2026.29,2026-07-13 00:00:00,"12843,64",13971,"0,919","0,00%","97,21%","44,57%","43,83%","98,35%","32,22%","31,23%","70,08%","94,01%","21,0","22,2","19,1","20,4","88,62%","4,65%",74,68,"0,59%","1,00%","89,06%",3890,"4138,00"
2026.07,2026.29,2026-07-14 00:00:00,"12754,15",12985,"0,982","0,00%","98,10%","44,63%","43,83%","98,20%","31,84%","31,51%","70,59%","96,41%","20,9","24,6","19,7","24,2","89,02%","4,49%",88,86,"0,23%","0,75%","88,89%",3915,"4060,86"
2026.07,2026.29,2026-07-15 00:00:00,"11793,87",11896,"0,991","0,00%","94,67%","44,80%","44,18%","98,62%","35,56%","34,29%","76,56%","94,67%","20,9","21,2","19,8","21,0","89,25%","4,44%",91,90,"-7,14%","-1,99%","88,85%",3971,"4194,37"
2026.07,2026.29,2026-07-16 00:00:00,"13027,65",14893,"0,875","0,00%","95,30%","43,80%","43,12%","98,45%","29,05%","28,57%","65,23%","89,56%","20,9","24,4","19,7","21,3","89,06%","4,41%",86,75,"7,98%","3,11%","88,72%",3390,"3785,00"
2026.07,2026.29,2026-07-17 00:00:00,"13028,66",13754,"0,947","0,00%","96,63%","44,60%","43,84%","98,31%","32,80%","31,58%","70,82%","92,22%","20,9","22,8","20,1","21,6","88,86%","4,57%",80,73,"0,35%","0,81%","89,01%",3941,"4273,29"
2026.07,2026.30,2026-07-20 00:00:00,"13245,85",14476,"0,915","0,00%","95,56%","44,67%","43,87%","98,22%","32,64%","31,66%","70,88%","94,14%","21,6","22,2","20,5","20,4","90,01%","4,07%",71,65,"-0,29%","0,57%","88,81%",4070,"4323,23"
2026.07,2026.30,2026-07-21 00:00:00,"10059,33",9970,"1,009","0,00%","98,40%","44,89%","43,92%","97,85%","32,19%","31,60%","70,39%","95,75%","21,6","22,6","20,4","22,8","88,37%","4,78%",79,78,"-0,23%","0,48%","88,89%",3100,"3237,72"
2026.07,2026.30,2026-07-22 00:00:00,"11788,84",10992,"1,072","0,00%","98,67%","45,94%","44,92%","97,77%","34,65%","33,60%","73,12%","96,43%","21,5","23,1","21,0","24,7","88,94%","4,65%",76,81,"0,35%","0,68%","88,78%",3939,"4085,00"
2026.07,2026.30,2026-07-23 00:00:00,"10202,11",10188,"1,001","0,00%","97,78%","44,76%","44,24%","98,83%","32,60%","31,87%","71,20%","95,17%","21,6","23,4","20,0","23,5","89,38%","4,38%",79,78,"-0,05%","2,32%","88,12%",2975,"3326,14"
2026.07,2026.30,2026-07-24 00:00:00,"8821,52",9089,"0,971","0,00%","97,92%","44,92%","44,26%","98,54%","33,91%","32,18%","71,63%","94,82%","21,6","22,5","20,4","21,8","88,78%","4,64%",79,76,"1,12%","0,72%","89,32%",2836,"2991,00"
2026.07,2026.31,2026-07-27 00:00:00,"12114,63",12458,"0,972","0,00%","98,09%","44,47%","43,59%","98,03%","32,09%","30,95%","69,60%","94,01%","21,6","22,1","20,5","21,5","88,58%","4,66%",74,72,"0,04%","0,67%","88,47%",3655,"3887,69"
2026.07,2026.31,2026-07-28 00:00:00,"12504,78",12793,"0,977","0,00%","98,63%","45,12%","44,21%","97,99%","32,52%","31,80%","70,49%","95,15%","21,6","21,4","20,4","20,9","89,25%","4,45%",77,75,"0,76%","0,66%","88,40%",3870,"4067,17"
2026.07,2026.31,2026-07-29 00:00:00,"11662,14",10362,"1,125","0,00%","97,74%","45,45%","44,75%","98,45%","33,55%","32,40%","71,28%","95,28%","21,5","19,0","21,0","21,3","89,33%","4,47%",72,81,"0,45%","0,77%","88,27%",3728,"3912,84"
2026.07,2026.31,2026-07-30 00:00:00,"12759,18",12908,"0,988","0,00%","97,43%","44,91%","44,34%","98,73%","33,19%","32,64%","72,66%","95,87%","21,3","20,6","19,7","20,4","89,17%","4,50%",77,76,"-0,27%","0,40%","88,82%",4060,"4235,00"
2026.07,2026.31,2026-07-31 00:00:00,"12210,16",13040,"0,936","0,00%","97,60%","44,97%","44,22%","98,34%","33,84%","32,30%","71,82%","94,67%","22,5","23,1","21,3","21,6","89,70%","4,26%",83,77,"0,83%","0,76%","89,11%",3912,"4132,39"
2026.08,2026.32,2026-08-03 00:00:00,"13856,21",13281,"1,043","0,00%","97,40%","44,88%","44,21%","98,51%","32,60%","31,61%","70,42%","94,69%","22,5","21,1","22,2","22,0","89,35%","4,41%",73,76,"1,61%","1,01%","88,52%",4277,"4517,00"
2026.08,2026.32,2026-08-04 00:00:00,"14006,03",12532,"1,118","0,00%","97,55%","45,37%","44,46%","97,99%","32,60%","31,86%","70,21%","94,71%","22,5","21,5","22,2","24,1","89,37%","4,42%",78,86,"2,26%","1,17%","88,54%","4324,70","4566,12"
2026.08,2026.32,2026-08-05 00:00:00,"14023,13",14058,"0,998","0,00%","94,25%","44,96%","44,19%","98,28%","32,84%","31,59%","70,27%","92,68%","23,0","22,4","21,6","22,3","89,73%","4,25%",72,72,"0,97%","0,88%","88,49%",4268,"4604,89"
2026.08,2026.32,2026-08-06 00:00:00,"15720,46",15604,"1,007","0,00%","95,00%","45,43%","44,73%","98,44%","32,96%","32,30%","71,08%","92,44%","22,9","24,9","22,4","25,1","89,24%","4,50%",79,80,"2,13%","1,14%","89,32%",4790,"5181,48"
2026.08,2026.32,2026-08-07 00:00:00,"15458,02",15665,"0,987","0,00%","91,39%","44,92%","44,20%","98,40%","32,37%","31,01%","69,03%","91,44%","23,0","23,1","22,0","22,8","88,97%","4,56%",79,78,"1,03%","1,00%","88,97%",4576,"5004,19"
2026.08,2026.33,2026-08-10 00:00:00,"14843,64",14114,"1,052","0,00%","95,84%","45,27%","44,38%","98,04%","32,66%","31,72%","70,07%","94,77%","22,3","21,7","21,3","22,8","89,00%","4,57%",75,79,"-0,23%","0,49%","88,24%",4595,"4848,34"
2026.08,2026.33,2026-08-11 00:00:00,"15380,59",13974,"1,101","0,00%","96,10%","45,33%","44,60%","98,39%","32,31%","31,54%","69,57%","93,97%","21,9","21,6","20,6","23,7","89,31%","4,46%",80,87,"0,22%","0,63%","88,49%",4670,"4969,91"
2026.08,2026.33,2026-08-12 00:00:00,"14961,29",13664,"1,095","0,00%","97,35%","45,49%","44,63%","98,10%","33,19%","32,07%","70,50%","96,42%","21,9","21,9","20,6","23,9","89,37%","4,44%",82,89,"-0,12%","0,61%","88,52%",4788,"4965,63"
2026.08,2026.33,2026-08-13 00:00:00,"13931,62",13519,"1,031","0,00%","98,06%","45,06%","44,30%","98,31%","32,50%","32,02%","71,06%","94,63%","21,9","21,6","20,6","22,2","85,94%","5,83%",86,87,"1,22%","1,19%","89,06%",4285,"4528,33"
2026.08,2026.33,2026-08-14 00:00:00,"14671,69",13568,"1,081","0,00%","96,09%","46,10%","44,85%","97,28%","33,50%","32,59%","70,70%","94,23%","21,9","22,4","20,6","24,2","89,41%","4,44%",86,93,"0,09%","0,78%","89,38%",4631,"4914,63"
2026.08,2026.34,2026-08-17 00:00:00,"12175,97",11120,"1,095","0,00%","100,00%",,"43,65%",,"23,57%","20,59%",,"100,00%","20,7",,"21,3",,"88,65%","4,64%",,,"30,51%","7,19%","76,82%",2870,"2870,00"
